{"$cube_theme_name":"§8黑夜主题","$cube_theme_description":"给Cube UI带来全新的外观","$cube_theme_author":"MC_spruce","$cube_theme_prefix_version":"V","$cube_theme_main_version":"2.0","$cube_theme_support_version":"2.0","$subpacks_ignored":true,"$cube_ui_dark_mode":true,"$global_sidebar_navigation_default_color":[0,0,0],"$global_sidebar_navigation_hover_color":[0,0.1523,0.4843],"$global_sidebar_navigation_bg_color":[0,0,0],"$global_button_default_color":[0,0,0],"$global_button_hover_color":[0,0.1523,0.4843],"$global_button_pressed_color":[0,0.1523,0.4843],"$global_cell_color":[0,0,0],"$global_cell_selected_color":[0,0.1523,0.4843],"$global_headbar_color":[0,0,0],"$global_background_color":[0,0,0],"$global_text_box_default_color":[0,0,0],"$global_text_box_hover_color":[0,0.1523,0.4843],"$global_scroll_box_color":[0,0,0],"$global_toggle_text_unchecked_color":[0.6,0.6,0.6],"$global_toggle_text_checked_color":[0.75,0.75,0.75],"$global_toggle_unchecked_default_color":[0,0,0],"$global_toggle_unchecked_hover_color":[0,0.1523,0.4843],"$global_toggle_checked_default_color":[0.15,0.15,0.15],"$global_toggle_checked_hover_color":[0,0.28125,1],"$global_button_text_default_color":[0.6,0.6,0.6],"$global_radio_background_selected_color":[0,0,0],"$global_radio_background_hover_color":[0,0.1523,0.4843],"$global_dropdown_background_color":[0,0,0],"$global_radio_text_color":[1,1,1],"$global_slider_background_color":[0,0,0],"$global_slider_background_hover_color":[0,0.1523,0.4843],"$global_slider_button_default_color":[0,0,0],"$global_slider_button_hover_color":[0,0.1523,0.4843],"$global_slider_button_indent_color":[0,0,0],"$global_slider_progress_default_color":[0,0,0],"$global_slider_progress_hover_color":[0,0.1523,0.4843],"$global_slider_border_default_color":[0,0,0],"$global_slider_border_hover_color":[0,0.1523,0.4843],"$global_slider_step_default_color":[0.65,0.65,0.65],"$global_slider_step_hover_color":[0.2460,0.4960,1],"$global_slider_step_progress_default_color":[0.65,0.65,0.65],"$global_slider_step_progress_hover_color":[0.2460,0.4960,1],"$global_experience_bar_empty_color":[0,0,0],"$global_experience_bar_full_color":[0,0.1523,0.4843],"$global_underline_color":[0,0,0],"$global_divider_color":[0,0,0],"$global_dialog_headbar_color":[0.35,0.35,0.35],"$global_dialog_background_color":[0,0,0],"$global_tooltip_background_color":[0,0,0],"$global_tooltip_chevron_color":[0,0,0],"$global_sidebar_focus_left_color":[0.2460,0.4960,1],"$global_sidebar_focus_right_color":[0.2460,0.4960,1],"$global_scoreboard_player_score_color":[0.2460,0.4960,1],"$global_header_color":[0,0,0],"$global_selector_area_background_color":[0,0,0],"$global_start_tip_background_color":[0,0,0],"$global_tab_hover_color":[0.2460,0.4960,1],"$global_tab_checked_color":[0.5,0.5,0.5],"$global_tab_checked_hover_color":[1,1,1],"$global_toast_background_color":[0,0,0],"$global_container_background_texture":"cube_ui/textures/background/container_dark_background","$global_container_pocket_background_texture":"cube_ui/textures/background/container_pocket_dark_background","$global_toggle_on_texture":"cube_ui/textures/toggle/dark/toggle_on","$global_toggle_on_hover_texture":"cube_ui/textures/toggle/dark/toggle_on_hover","$global_toggle_off_texture":"cube_ui/textures/toggle/dark/toggle_off","$global_toggle_off_hover_texture":"cube_ui/textures/toggle/dark/toggle_off_hover","$global_filter_toggle_on_texture":"cube_ui/textures/toggle/dark/filter_toggle_on","$global_filter_toggle_on_hover_texture":"cube_ui/textures/toggle/dark/filter_toggle_on_hover","$global_filter_toggle_off_texture":"cube_ui/textures/toggle/dark/filter_toggle_off","$global_filter_toggle_off_hover_texture":"cube_ui/textures/toggle/dark/filter_toggle_off_hover","$global_checkbox_on_texture":"cube_ui/textures/checkbox/dark/checkbox_on","$global_checkbox_on_locked_texture":"cube_ui/textures/checkbox/dark/checkbox_on_locked","$global_checkbox_on_hover_texture":"cube_ui/textures/checkbox/dark/checkbox_on_hover","$global_checkbox_off_texture":"cube_ui/textures/checkbox/dark/checkbox_off","$global_checkbox_off_locked_texture":"cube_ui/textures/checkbox/dark/checkbox_off_locked","$global_checkbox_off_hover_texture":"cube_ui/textures/checkbox/dark/checkbox_off_hover","$global_radio_on_texture":"cube_ui/textures/radio/dark/radio_on","$global_radio_on_hover_texture":"cube_ui/textures/radio/dark/radio_on_hover","$global_radio_off_texture":"cube_ui/textures/radio/dark/radio_off","$global_radio_off_hover_texture":"cube_ui/textures/radio/dark/radio_off_hover"}