{
  "$cube_theme_name": "§dCube UI纯色主题 - 粉色",
  "$cube_theme_description": "Cube UI纯色主题",
  "$cube_theme_author": "MC_spruce",
  "$cube_theme_prefix_version": "V",
  "$cube_theme_main_version": "2.0",
  "$cube_theme_support_version": "2.0",
  "$subpacks_ignored": true,
  "$global_button_hover_color": [1,0.5333,0.9251],
  "$global_button_pressed_color": [1,0.5333,0.9251],
  "$global_toggle_checked_hover_color": [1,0.5333,0.9251],
  "$global_toggle_unchecked_hover_color": [1,0.5333,0.9251],
  "$global_slider_background_hover_color": [1,0.5333,0.9251],
  "$global_slider_button_hover_color": [1,0.5333,0.9251],
  "$global_slider_progress_hover_color": [1,0.5333,0.9251],
  "$global_slider_border_hover_color": [1,0.5333,0.9251],
  "$global_slider_step_hover_color": [1,0.5333,0.9251],
  "$global_slider_step_progress_hover_color": [1,0.5333,0.9251],
  "$global_text_box_hover_color": [1,0.5333,0.9251],
  "$global_cell_selected_color": [1,0.5333,0.9251],
  "$global_experience_bar_full_color": [1,0.5333,0.9251],
  "$global_experience_bar_number_color": [1,0.5333,0.9251],
  "$global_radio_background_hover_color": [1,0.5333,0.9251],
  "$global_sidebar_navigation_hover_color": [1,0.5333,0.9251],
  "$global_dialog_headbar_color": [1,0.5333,0.9251],
  "$global_sidebar_focus_left_color": [1,0.5333,0.9251],
  "$global_sidebar_focus_right_color": [1,0.5333,0.9251],
  "$global_tab_hover_color": [1,0.5333,0.9251]
}